guid,name,first,last,email,value,date,phone,age,state,street
6e89b1dd-0c06-5088-99f4-d947d155e2e3,Bryan Ramirez,Connor,West,uhogi@fut.th,value,8/6/1988,(875) 586-4324,27,ND,Taiz Extension
59582a54-97f2-5cbe-b26f-4d708476a5c8,Nancy Burke,Lawrence,Baldwin,ajo@owavuedu.gs,value,9/9/1921,(957) 537-2962,32,CA,Hokku Key
cf48f81d-e405-5fbf-a7e2-723fa39ab68d,Mathilda Jensen,Mae,Lloyd,val@to.kn,value,1/18/1950,(259) 477-9113,46,AZ,Raliz Square
702d574c-ea67-5682-89de-44d2328c58af,Rosa Carr,Alfred,Hunter,cuwve@vuf.ge,value,11/20/1919,(712) 839-7075,47,AL,Pefcu Manor
c7bb07cf-fd83-5261-b46b-9867ab72d89f,Maurice Padilla,Kyle,Gomez,vem@fujoub.uz,value,4/9/1939,(486) 473-4547,22,MD,Zunov View
1fae7889-ab8c-565a-b338-3c3f1be229de,Stella Lawrence,Lena,Bryan,jec@ipe.za,value,4/25/2064,(277) 746-9837,26,IL,Medlil Way
0ea093ab-cc30-56c5-b18c-5396ec0b2e15,Violet Kelly,Vincent,Patton,gevhetjo@vufdo.im,value,11/24/1924,(989) 314-2934,34,,Widzij Plaza
c031ece0-fcd9-52a6-bfcb-b2ae2c300a70,Hannah Murray,Mary,Goodwin,adafbin@nujra.dk,value,10/18/1950,(651) 212-1995,27,,Kirube Point
6798ee0c-36a1-5f74-b9cd-20f57087ad0d,Mollie Mills,Jerome,Moore,eztuf@ir.lb,value,8/28/1915,(978) 309-5591,59,,Juji Street
5469c828-ab51-579d-a723-c7e56dac5e28,Jesse Ford,Josephine,Drake,ilo@wosihu.ml,value,12/1/2028,(338) 219-5082,25,SC,Ifuduj Path
5349f72a-9c3b-5515-abc1-7d2085e3491f,Kathryn Collier,Maud,Wells,houv@jivat.nc,value,8/15/2032,(938) 989-3701,60,,Esimej Pike
da7147fc-a732-54cd-9761-f390e14a7e40,Rosalie Rogers,Sallie,Ray,diuji@nootogaj.ro,value,2/10/1963,(581) 253-7692,30,ME,Azudu River
6b965a92-8f80-580d-8d89-ab624a7ebda9,Bill May,Norman,Bowman,uve@vadkuv.sd,value,6/12/2062,(242) 214-3972,53,RI,Goiwi Place
c259f6df-cb80-52a4-b77a-8f6991ed724f,Julian Garcia,Hunter,Griffin,eppe@ejufizav.bh,value,9/7/2038,(560) 212-2558,27,AR,Batar Turnpike
53ee7ebf-c14c-54d2-a02c-11c0d4c7c5e7,Phillip Moss,Edna,Allison,vupakrof@ilguw.fj,value,8/10/1926,(563) 901-8602,47,DC,Kocufi Mill
f18921ff-c384-5ece-8519-7c128ced8d33,Sallie McGuire,Jerome,Goodman,sucmu@jibmuccib.lt,value,8/22/1996,(410) 422-3117,19,KS,Wido Pike
9393fa23-8f69-5a00-a8f4-5998824ae02d,Nicholas Ingram,Flora,Hammond,silji@er.vc,value,3/23/1928,(671) 870-4494,37,VT,Hoho Highway
443b0608-a0d3-5388-a8b8-62a0ae101360,Mamie Newman,Olive,Keller,dotouze@muwamda.cw,value,7/1/1917,(988) 864-6394,65,MO,Manno Square
29ee1f36-9a98-549e-8438-e2e487a74140,Brett Burgess,Maggie,Ramos,badezafo@jurre.com,value,10/19/1918,(678) 690-7833,47,ID,Agama Street
e162582e-d8c4-5466-98b4-c364c486d114,Brian Day,Bernice,Keller,puuk@ruswun.bd,value,7/21/1915,(331) 932-7460,35,KY,Ukuces River
318e15d3-9dcc-56b9-bb32-4490fee4e94f,Gavin Spencer,Evelyn,Murphy,ri@lersolbew.nr,value,4/14/1919,(657) 697-7507,31,OH,Huvruv View
cdd12ca9-2537-589f-9476-40f09a36a154,Bertha Obrien,Lee,Franklin,ma@vo.rw,value,4/9/1987,(581) 453-2635,31,TX,Tefzuc Key
67e5c3a8-2b79-520c-81e1-c8a6624e5d1d,Millie Cross,Eleanor,Lawrence,mossusa@ezo.ba,value,11/29/1914,(718) 687-9246,22,TX,Feef Plaza
45fb287f-bbb8-5480-9c05-7933a7ebd4d2,Charlotte Day,Terry,Wilson,ogi@li.ly,value,5/29/2025,(586) 308-7838,63,KS,Suag Pass
8d748862-ef66-5c31-8d91-14a7e5a8e101,Eric Reed,Amelia,Holland,teeze@ufa.io,value,6/23/1980,(236) 436-3738,30,MI,Rouda Key
ba203beb-055a-52ef-ac2c-9a292e7eac5d,Sally Davis,Raymond,Floyd,litete@conifutim.pl,value,4/24/2031,(255) 867-2465,53,MA,Avsiz Park
2a3d2376-dce8-5f7b-9864-65b3033605a4,Nathaniel Zimmerman,Estella,Banks,uv@fofefevu.pf,value,2/22/2041,(841) 924-7015,25,IN,Nomet Manor
b6a042ff-d79c-5b6f-9850-c77f10d4e1d3,Cordelia Rios,Amanda,Cox,waranla@jevjizku.my,value,5/5/1947,(229) 586-3740,29,TX,Rugmi Pike
f919fdf4-8669-54e1-9188-7963d308887a,Martin Olson,Mabel,Park,raonji@piatci.bq,value,9/26/1938,(740) 913-6546,65,AR,Zoke View
c71d2ea8-9774-5344-b12a-97f10da13037,Lettie Lowe,Francis,Erickson,samnebse@fa.cd,value,11/8/2018,(710) 564-5173,43,FL,Opuji Terrace
40ca6e84-ae23-5ccb-bb0b-339df6603c88,Chad Palmer,Bernice,Waters,neuse@hiih.tv,value,1/15/1977,(420) 217-2868,32,MO,Bahiv Way
79c91b5d-a764-5bcd-94f0-8fe4984dadf9,Melvin Jenkins,Frances,Blake,esfaf@gan.gf,value,11/12/2070,(822) 250-6066,25,MS,Avoefi Plaza
e5090abf-1b82-5d93-b2e6-d11e9c487340,Mollie Garner,Adele,King,nufdo@cokacbu.ck,value,9/10/1991,(840) 929-5295,33,UT,Copke Trail
71bdb489-9ba9-5f69-83bd-d511e2101695,Marcus Tyler,Brandon,Johnston,lozelbiw@cacaki.mw,value,9/2/2009,(675) 431-2508,55,DC,Ageneb Parkway
f7a3f88d-ed09-5e27-b712-c5f956af07cc,Marvin Mann,Ethan,Moody,dacowi@vaena.sc,value,5/1/2039,(752) 956-2983,21,ID,Mawri River
14817cf1-ed0f-5cb8-a780-55a69df56648,Chris Alexander,Eva,Vaughn,raentu@jom.ml,value,6/12/2035,(411) 863-1708,34,OK,Dedpof Boulevard
53a933a4-0b2e-52bc-8cbe-0889634035e0,Linnie Walters,Raymond,Nguyen,fi@padoku.gy,value,11/19/1901,(822) 794-2908,39,CA,Bekse Square
660f8033-c092-578e-bbd2-933c329c55e7,Amelia Tucker,Daniel,Simmons,zajeak@secwoihe.ss,value,1/10/1900,(519) 315-5919,18,WA,Camza Lane
56d4de85-b682-5eba-a1c5-c11777cc811e,Justin Cooper,Joel,Baldwin,uhkoav@motagu.sg,value,12/16/1907,(327) 689-2275,55,VT,Eprum Manor
88ad3395-17d1-56cf-a84a-03666f124377,Maggie Shelton,Troy,King,vemakriz@bejzi.mp,value,10/10/1943,(380) 542-2786,39,PA,Ropa View
0343b435-e0e8-5aca-b2c5-402b95057ce1,Hallie Ball,Lilly,Matthews,zuc@ukkiwuh.bt,value,5/17/1938,(241) 550-6318,47,IN,Leawu Circle
814f2a46-8a7f-5871-b713-792d2052c7af,Eric Howell,Pearl,Fields,pifisi@fakinom.sy,value,5/6/1980,(820) 673-2522,21,LA,Sifhiz Heights
2e2c6563-9a01-5ec7-bb78-7421be3d3fb0,Albert Fowler,Curtis,Nguyen,buebcip@tuz.jp,value,6/29/2027,(241) 648-6531,50,AR,Nabat Mill
a0e3b0a4-22f3-54c5-b786-295e12e107ca,Jack Hughes,Tyler,Daniel,voloweh@uw.za,value,7/22/1960,(512) 708-2865,62,PA,Wizam Point
8bd47d98-091d-58cf-8f53-ddcad380a770,Jerome Powell,Andre,McDonald,riehmes@sip.rw,value,10/2/1959,(841) 267-8187,55,MS,Milkap Center
50b2413c-4dbf-5eb3-9db9-89a5c53aabdb,Sarah Pratt,Ella,Lloyd,ug@waguibi.mn,value,2/9/2005,(601) 824-8169,34,NH,Wogen Circle
baaf3c58-e243-5611-923b-77a1eea35336,Mildred Waters,Cole,Long,ulinuwpoc@seru.ad,value,11/15/1987,(643) 768-7029,36,AL,Pave Plaza
155aea6d-8bfa-5e1f-a16c-e26b23d9f2a0,Georgie Marshall,Duane,Hodges,ihu@ri.gq,value,10/26/1919,(704) 651-4168,18,LA,Jicboc Center
ae6d0668-edc2-5c52-9156-6ad4c35d3f3c,Isaac Wade,Ricky,Poole,viw@sila.wf,value,8/4/1953,(350) 756-4083,43,MT,Lolvuk Glen
aeaad0f6-f807-58e8-b7f0-1bff2e0a74c2,Lily Miles,Luke,Waters,muvbones@umomadluv.im,value,10/6/2010,(539) 279-8393,21,NY,Rezes Way
b1312a42-87b7-53de-9680-2b07a5859af1,Sara Romero,Cole,Evans,tivetuvo@mabeuc.tj,value,9/24/1934,(800) 492-5854,48,ME,Giepa Boulevard
78661221-559e-58ca-80e5-518b3d726d30,Lillian Glover,Franklin,Rose,et@wuco.nu,value,9/25/2050,(538) 335-1854,59,VT,Wefi Circle
d116c07d-527e-5286-b452-fd7212c02414,Hunter Ferguson,Leo,Vargas,wabbiv@riwic.sd,value,12/15/1988,(820) 684-8115,35,ND,Foba Ridge
89a391bc-495e-5500-a7c8-1e8eb59e16b4,Johanna Carpenter,Lizzie,Miles,coc@epi.cw,value,6/28/1987,(267) 224-1254,63,WY,Lemi Plaza
2b4dd7f8-6693-531c-be71-9921764e37c2,Mattie Fitzgerald,Angel,Hunter,ve@susvuk.bi,value,7/3/2006,(985) 672-3976,37,CO,Cuhon Trail
af85ca2b-8dca-5f1f-af4f-033037257f87,Edward Rice,Blanche,Johnston,giddo@al.nr,value,11/9/2008,(768) 393-8085,24,TN,Bihbo Trail
3c359c24-8520-5f59-a631-a0c810e8564f,Samuel Maxwell,Flora,Nunez,sugu@som.pw,value,12/4/1903,(232) 316-9183,56,,Cujuta Highway
50b8e287-163c-5e2e-a5b9-ff5b1fbf3b78,Gerald Mason,Julian,Welch,faciofi@mifisagi.md,value,9/19/2030,(464) 355-2468,20,AZ,Fapol Mill
27cd158d-67a6-55f1-97cf-d15a2d840ae7,Angel Freeman,Nathan,Smith,uzewilib@wu.tg,value,12/25/1989,(374) 494-4122,55,WV,Ebpoh Heights
432a6e79-efb9-5040-8dc2-a054e8be2133,Alberta Owen,Ruth,Kennedy,menvud@pawuiju.sb,value,9/18/1987,(568) 261-4302,49,SD,Pagod Mill
54eb74cf-2faa-5f16-ad28-c959a8d8615a,Wayne Fletcher,Cora,Chapman,catpu@pa.ua,value,2/20/2063,(655) 367-7356,48,NJ,Homju Park
21d155a2-8410-539c-bad8-c98630520895,Kate Banks,Jeremy,Snyder,guob@lapga.cr,value,3/12/2010,(605) 706-5446,48,NH,Tirof Park
40be11cd-223c-53e5-997c-a5b9ad8dff07,Rosetta Crawford,Erik,Hunter,so@ni.cr,value,12/1/1958,(467) 550-8810,37,NV,Saman Court
3988ba8f-aff8-5491-8e95-4ef61a720498,Darrell Johnson,Logan,Gibbs,unvifna@ihohir.fr,value,11/17/1986,(421) 811-1877,65,MT,Sacec Plaza
cffc26e9-31a0-5dfc-8e94-67973cfe367b,Millie Potter,Bradley,Bell,he@kat.sy,value,1/3/1974,(575) 445-9792,28,TN,Dotu Mill
5041cc91-f72c-5444-8342-8d19680d223e,Ray Maxwell,Derrick,Nguyen,gevaf@pecju.sd,value,12/14/1918,(432) 740-9672,61,,Jolig Drive
54db17ac-4ff2-5263-8ce0-4a8c8e0c6ffe,Lettie Nelson,Ann,Wright,veko@vugantus.nr,value,4/16/1944,(870) 271-9727,23,CO,Kofzez Manor
7b9e31b4-6528-5058-a5eb-1b8c13e68874,Howard Bowers,Martha,Fisher,hagitpej@utsasi.no,value,7/27/1983,(986) 297-5897,40,IN,Ihlur Glen
6270935a-43b2-5ba8-bb98-3577a194d502,Lily Campbell,Claudia,Vasquez,sotvo@opoilje.pr,value,6/30/2042,(935) 401-7317,36,,Wekpi Pike
8f0be661-849d-51ec-b365-a1162791b1df,Agnes Salazar,Rhoda,Lynch,gefa@pom.mn,value,3/23/1976,(409) 821-3027,52,MO,Voah Boulevard
305f4478-2494-5f38-8b18-e3230ccd80b8,Jesus Freeman,Timothy,Mann,bovopa@ic.km,value,3/10/2039,(861) 422-9046,43,WI,Lujale Square
17785539-191c-5be9-a4d1-2162c3f13bef,Eliza Farmer,Roger,Malone,hum@oje.mu,value,2/13/1953,(226) 359-9912,37,NY,Medse Grove
a94809e0-79e6-5263-9d04-aae99a0884d4,Eddie Sanders,Ralph,Guerrero,mod@opoza.mk,value,2/19/2018,(327) 825-1283,36,MD,Nohuta Heights
e757c790-acb5-5eef-98bf-ac51b3ea052e,Florence Neal,Thomas,Luna,vocitovi@zo.va,value,6/9/1904,(845) 296-7499,55,NC,Zuapi Lane
ee973506-e2a1-56ba-abb4-3b4ad9e74934,Daniel Vega,Shane,Franklin,osi@sada.sg,value,6/8/1960,(842) 686-2850,44,OH,Fanmo Pass
53ec3dac-0e77-5fae-8eb1-bd17ade3fc48,Lloyd Ballard,Alfred,Hopkins,bev@ji.cn,value,8/24/2003,(803) 690-1196,55,NM,Nujufe Way
0638beb2-105e-5dfb-a529-6f58375629e9,Estella Brooks,Ernest,Grant,jitgew@se.bh,value,10/30/1979,(363) 848-9172,59,OH,Oljow Highway
a0bc953a-49b2-5ea8-811c-7c183790dfe0,Dean Gomez,Georgie,Massey,bami@vu.bh,value,10/24/1949,(546) 745-9039,48,GA,Akjuk Glen
1c503f8c-768b-5087-8972-e74b3fc981db,Trevor Mathis,Jordan,Graves,hivdir@johepi.uk,value,6/25/1912,(485) 425-7798,19,CO,Waip Manor
42e50a12-96db-5bf1-be12-c6fd03b38eff,Pauline Frazier,Marian,Schultz,ofa@izgedadu.jp,value,10/15/1946,(834) 840-1954,43,NH,Cekub Loop
8e1bc031-e6a7-5074-bbcb-74760111143c,Agnes Lucas,Bessie,Carlson,rer@lur.sz,value,1/19/1965,(688) 966-8766,63,RI,Gokpa Highway
f78c6cd3-3535-5735-95eb-536b75b20bdb,Timothy Lewis,Travis,Roberts,vanaf@geubipu.sg,value,9/6/1986,(668) 235-9353,27,AZ,Tokvap Center
c7d733fe-618b-5d76-a15a-82dfbe20cd6a,Elmer Meyer,Ethan,Simmons,pat@zojrukew.gs,value,3/18/1911,(941) 589-7818,40,OH,Gudej Extension
57658ab9-91de-532c-a4d6-b3ef2e106a56,Adrian Mullins,Mario,Day,uwi@nafvo.vg,value,3/8/2068,(466) 490-5258,43,HI,Sugo Park
d33c5797-6eb0-5295-8434-67d52bd9b91b,Charlie Tucker,Gary,Goodwin,zaloku@ruzjujha.tm,value,4/16/2022,(447) 716-3455,62,FL,Evas Highway
08c8107c-8f02-5117-b713-7e80cc1987bb,Devin Hammond,Ora,Blair,ba@lumas.fo,value,8/17/2003,(912) 875-8891,30,AL,Uzasom Turnpike
cd3a75f4-e985-50f4-bd64-914ecd47782c,Scott Morgan,Georgie,Roy,akbifabi@kemub.cw,value,5/6/1944,(211) 228-7379,46,RI,Dilah Turnpike
e16b2afc-a22e-5fa7-9ed9-c5efafff7749,Bessie Reese,Birdie,Lowe,wejihum@vakteb.ht,value,11/27/1943,(861) 365-4283,50,NJ,Ratkej Trail
0bd09b4e-ef7f-50fc-8180-e2ba0571f965,Willie Obrien,Lena,Hines,duzufesi@sekge.pf,value,10/28/1938,(886) 517-1789,40,VT,Resu Parkway
41f34d8e-edf8-5fe6-af59-38f971a45f3f,Christopher Klein,Mayme,Terry,ewnid@dihsavow.fo,value,10/20/1903,(459) 970-5795,53,RI,Gimu Turnpike
e0ac89ac-2a82-5cff-a175-53d963f14e03,Clarence Becker,Philip,Cunningham,comduj@zovot.mo,value,6/2/2017,(407) 667-4972,27,MN,Liheha Glen
48932496-1295-5338-8516-798e317c4a63,Marie Dawson,Herbert,Leonard,ga@bumomev.ch,value,4/9/1964,(764) 774-7259,30,KY,Mato Loop
ecb74dc9-2376-56ce-b86b-b84a2f1e2246,Marvin Atkins,Elijah,Howard,podekkud@foltu.gt,value,11/18/2000,(363) 569-7732,19,GA,Uflud Path
c1dc3661-43aa-5305-a6a1-9c8ddf7ef40f,Rodney Pittman,Alvin,Tran,gov@osede.ru,value,9/19/2053,(911) 876-4131,21,WA,Matlas Square
b91f8a4e-44c3-5ec1-bdd8-8c38461052b2,Lena Patrick,Philip,Nelson,bonegnup@obi.by,value,3/12/1996,(958) 707-9065,19,KY,Kekiv Mill
1562fb95-6329-57ff-a689-028d1f6d3b0c,Minnie Barrett,Carolyn,Greene,na@guboje.bg,value,5/21/1919,(849) 368-1097,22,MT,Teino Place
c8d797ef-b158-5c00-bec5-c6defd30a4ff,Blake Cannon,Francis,Martinez,dooje@mo.cw,value,8/20/1945,(567) 749-6197,24,MO,Peku Extension
f46eca7d-c213-5f3f-8fb4-a6ab77e9a700,Andre Rowe,Sean,Cruz,reg@vub.tg,value,10/31/2065,(725) 696-8670,33,NV,Arana Court
358f9c9a-1a96-50e7-ac92-c5a1b8a5abaa,Terry Carson,Derek,Barnett,zuvu@valila.im,value,1/6/2058,(214) 907-3780,32,UT,Ijfav Boulevard
